2	[0.974860596960922, 0.7743145725795624, 0.24945759803923886]	0.850094142833
2	[0.7074057424697978, 0.6081316143836156, 0.05431602406706319]	0.834530050718
2	[0.5571563176977007, 0.3930159308598151, 0.08826346901009831]	0.796145239189
2	[0.6462916743632908, 0.8077645825570525, 0.016905323927223638]	0.84279274404
2	[0.08611902933534488, 0.7567488064753857, 0.053605859904597354]	0.748824565238
2	[0.5834704780856276, 0.5339439340326461, 0.0019288733954126967]	0.800485139149
2	[0.9992704263977111, 0.6459500410168533, 0.07057410181956202]	0.825117878135
2	[0.853790056992696, 0.4925636975558841, 0.5314866330789905]	0.924053204124
2	[0.9999030499710243, 0.5421786167262055, 0.22871496393404953]	0.912211099079
2	[0.9712865791811736, 0.4979866699700393, 0.9315368074717216]	0.749729981126
2	[0.9995932336526523, 0.22269661727815404, 0.042471906726109405]	0.771858430117
2	[0.9880384984886319, 0.2351273008000578, 0.9579845867392061]	0.779701405191
2	[0.8329379841086977, 0.9366816305118542, 0.38646849796127186]	0.831303962473
2	[0.933564293494637, 0.08953048069525488, 0.6449116483247193]	0.853684846292
2	[0.9990246623308161, 0.7167990234869945, 0.3673787135518723]	0.85559920021
2	[0.5047704117411933, 0.891144550536486, 0.0018581383061462306]	0.885314392009
2	[0.9368163387299634, 0.4901856360401468, 0.07193990805726104]	0.891769735122
2	[0.9993433233707465, 0.7994429103850205, 0.08230956124649837]	0.777841109164
2	[0.7503335473223998, 0.4257064765871669, 0.5000212964063732]	0.924868591443
2	[0.9987805275456295, 0.813134044991469, 0.015743224610193902]	0.751276217358
2	[0.297003420444789, 0.8279590971336431, 0.4066763713905014]	0.960546296323
2	[0.9986932821643383, 0.42188711756544034, 0.802186152052782]	0.809077816072
2	[0.5773650529120038, 0.290127007488264, 0.4199112979607318]	0.879134452787
2	[0.9237312328396573, 0.8504256362076166, 0.8663512613606736]	0.669830623197
2	[0.5615119532014355, 0.6631332383734146, 0.5815081653048949]	0.823371039956
2	[0.6593949996046272, 0.3811654324399173, 0.3364534038802171]	0.884702342721
2	[0.9888896212480992, 0.2129755429382238, 0.2249875160744456]	0.833024479255
2	[0.9965361000677087, 0.22337776012223862, 0.7971456389937985]	0.826565340354
2	[0.48310014258650835, 0.9796579430278228, 0.04420843356817207]	0.865883544376
2	[0.7573761571949567, 0.0259846482686965, 0.1438018987398687]	0.759054234735
2	[0.9977030411216032, 0.056902684526398156, 0.6403082568270347]	0.822963795526
2	[0.9925426701180434, 0.34041192738984605, 0.2850593410699438]	0.894309532781
2	[0.5684613339745839, 0.17289762028887917, 0.2308769301467439]	0.774078628137
2	[0.9818892856812534, 0.8548313920935106, 0.12179636380170827]	0.778358562009
2	[0.9807093547358804, 0.675685739871254, 0.3441525744212843]	0.883150776991
2	[0.8993850164613809, 0.20290488564340534, 0.2592034402382704]	0.870907769807
2	[0.9762164787802045, 0.7780139609518416, 0.28377941990769906]	0.859849660059
2	[0.8169239974122733, 0.6221175415492813, 0.9786978618426391]	0.744086866399
2	[0.9591027901910183, 0.32074416465960853, 0.9146266497967019]	0.818508798451
2	[0.909230245926541, 0.9726601392479721, 0.15250031207151188]	0.773536642299
2	[0.9573860981182762, 0.3304401429805522, 0.08626173213303284]	0.836438592332
2	[0.9991767211964063, 0.31152906681270465, 0.05017089778283056]	0.804174414466
2	[0.507561931054246, 0.1552870798119787, 0.007613588059275572]	0.673487532975
2	[0.9188489872627205, 0.44343206406637237, 0.6574581918954037]	0.876753585592
2	[0.9878351079162153, 0.058898820288314724, 0.07325625615912301]	0.73143998951
2	[0.9984123222703176, 0.8822906893738058, 0.3661863320463553]	0.801036885437
2	[0.5240929916321497, 0.6108173902205398, 0.32022515914751826]	0.90549974648
2	[0.9999938899676061, 0.30943062497821566, 0.3897451329667311]	0.910106872674
2	[0.9995264585968174, 0.4884595910486783, 0.10278973916600571]	0.880574290539
2	[0.9999161976068854, 0.9845187568053809, 0.5384195440942376]	0.709048500498
2	[0.9810527363471465, 0.05279603935466273, 0.01851506269618441]	0.713419455235
2	[0.9218925586759286, 0.04482572603531374, 0.27580034220732413]	0.816244503189
2	[0.9141417651811806, 0.48242945424206635, 0.017976949719669733]	0.878754879594
2	[0.9999820250761429, 0.31298879062900586, 0.11012251007162581]	0.824376425208
2	[0.9770359715214499, 0.014163662315853863, 0.21943734477589794]	0.768855011857
2	[0.9715038629526777, 0.15617011912268042, 0.28682001448620265]	0.840495423552
2	[0.42562869914009355, 0.20580667584781803, 0.06561911706997064]	0.682351497353
2	[0.6388803182984746, 0.6995991071474243, 0.2459185121084355]	0.885545766986
2	[0.7128755248514776, 0.8273078797473323, 0.20809602018468049]	0.890842791694
2	[0.9999679099426909, 0.5903982230351428, 0.22445323977208717]	0.894695702265
2	[0.9024311577907478, 0.28238239701455736, 0.011607527841801848]	0.813852922355
2	[0.9795269112341954, 0.414543447869839, 0.09809305953592719]	0.861036532057
2	[0.9423943541531407, 0.15245368338166038, 0.7851372981067559]	0.824974010374
2	[0.9059048146631509, 0.26000763202557303, 0.03910315172621082]	0.814401989696
2	[0.9953891193423386, 0.25742207462456534, 0.5002863492644534]	0.937248868673
2	[0.9999981197956411, 0.7019121741313538, 0.9262769624118563]	0.67393758122
2	[0.4161528221498735, 0.284708950731243, 0.47159547635842336]	0.84081908308
2	[0.9759985865303971, 0.44446085594740004, 0.2873393437534318]	0.93526720439
2	[0.7678753160807532, 0.5309144626505169, 0.06741355747259402]	0.884791470301
2	[0.5475806270409437, 0.3604285604797919, 0.5205409781088849]	0.872203696151
2	[0.9997220413576483, 0.6306727982336082, 0.8853887112574859]	0.71140548305
2	[0.8023904080567807, 0.35298137762624826, 0.13453125563327162]	0.879967680439
2	[0.9283390512423823, 0.48922389631583296, 0.8286574596638061]	0.801259864259
2	[0.9697042528019227, 0.8495688326064238, 0.2524851317411358]	0.827737348778
2	[0.9936942790009472, 0.6722081403009903, 0.573531633491874]	0.803521982402
2	[0.9956690369456653, 0.363934657561598, 0.9693973893795318]	0.773666305371
2	[0.8595301928685248, 0.7115952078562824, 0.26389714753791504]	0.914257248938
2	[0.9835032084739321, 0.7493133730307917, 0.01875461120527854]	0.7786460099
2	[0.9980358955275251, 0.9056158774450191, 0.46549576305377155]	0.760284154658
2	[0.9991825723753491, 0.3039547673522923, 0.004843215310474741]	0.786538470096
2	[0.9986157916845294, 0.8216895710086012, 0.5757665019216273]	0.751309378462
2	[0.8744784250519303, 0.1222972939287771, 0.18131379834916037]	0.826377555742
2	[0.997241353253872, 0.0628455054407222, 0.13758603312669995]	0.751063395105
2	[0.9997957620922441, 0.19116521005407408, 0.6223622520373499]	0.873002398641
2	[0.9366152979487886, 0.5542070392013436, 0.19600789343554315]	0.918395185428
2	[0.1504389217178551, 0.39327715460070634, 0.035104443082859996]	0.642940173134
2	[0.9854891682066218, 0.7509711884316617, 0.24689322694679106]	0.853477623436
2	[0.9040310830427615, 0.11034505784060801, 0.45065568218410085]	0.902323218994
2	[0.5565974562646003, 0.14376058448699483, 0.577957420603286]	0.838373516275
2	[0.6758012697006076, 0.17303627729554358, 0.8719607840558046]	0.891758074513
2	[0.6859793955544489, 0.4901729544690207, 0.4755183046686385]	0.883544681785
2	[0.4916208076428005, 0.594759964592432, 0.36697403337633067]	0.889802246286
2	[0.9524337263318848, 0.6974747530982213, 0.024403668344283543]	0.808165062971
2	[0.9999531244453282, 0.9664647104338275, 0.10236161293694719]	0.728647926019
2	[0.9730609270790342, 0.9903965960167452, 0.007142220894360114]	0.697894899266
2	[0.9979317119372564, 0.9859740721980393, 0.5723023579088734]	0.697930619319
2	[0.8008014312813091, 0.08600359932570951, 0.170072883439269]	0.802292638015
2	[0.9731949656870073, 0.9135403753179646, 0.911676146575523]	0.617196170807
2	[0.9148753120762396, 0.7043989808689143, 0.8697214889916299]	0.720334739354
2	[0.16204439493462017, 0.697316855870905, 0.3521890481867334]	0.853850099664
5	[0.9913457973051208, 0.8402459633850612, 0.5136655395133718]	0.768247566599
5	[0.7167722441069736, 0.6955866709453479, 0.0653641470198265]	0.81218324006
5	[0.978887965973823, 0.522682932460305, 0.19263152277453602]	0.91368687478
5	[0.9994847870867033, 0.48203001917279753, 0.6449758609686791]	0.841169777591
5	[0.8408893899592167, 0.6807836242389489, 0.17406956014492414]	0.894725108622
5	[0.41690878925503627, 0.351574414234809, 0.2932356709920388]	0.803906291494
5	[0.9199551946662231, 0.6197256603655648, 0.30984489080338445]	0.933491418055
5	[0.9670961463906534, 0.7180516255175443, 0.2209875147566911]	0.861946580949
5	[0.9480751034312079, 0.46578228941541006, 0.3126404143972449]	0.951688923862
5	[0.9321654227854943, 0.5782461528066831, 0.4104885584082473]	0.909699955333
5	[0.8674802567588705, 0.7366469884889049, 0.43349146078831546]	0.870793764655
5	[0.9302999548430754, 0.3043121403672621, 0.5636202884703326]	0.95058920544
5	[0.9731818143150865, 0.3474473194704285, 0.3422425595720908]	0.894007648528
5	[0.6287661388712069, 0.6287482312617186, 0.08497435943811825]	0.811664089016
5	[0.5424814643022144, 0.4512043646194098, 0.27787590367297466]	0.873853910865
5	[0.9167014490987261, 0.6706696375049063, 0.5503037976799727]	0.837441705239
5	[0.9915453971584, 0.7941336736386008, 0.06726689220279873]	0.777195940469
5	[0.9836507788943699, 0.17867800923063618, 0.5882112149332949]	0.885605338468
5	[0.9215753222240859, 0.7383798193506101, 0.7013939204830292]	0.762883645981
5	[0.964812363000306, 0.2025967471822675, 0.2444935913465133]	0.844092658509
5	[0.9579982914692181, 0.5955100829006676, 0.31977419614388003]	0.925572476495
5	[0.681769143906553, 0.5148932402752445, 0.4526276173018983]	0.88808276211
5	[0.9981829064415284, 0.48815302967427543, 0.15985898323483824]	0.899943035489
5	[0.9741404210399341, 0.6934821380524939, 0.1988065080138645]	0.86039464964
5	[0.9293081599155287, 0.21116014944357248, 0.029164826635966087]	0.787005605388
5	[0.7725005135627108, 0.7621158635245623, 0.45584460925759657]	0.83484668026
5	[0.8095521022698565, 0.6316323193012457, 0.3621904653467039]	0.921909772541
5	[0.973127912941861, 0.7988182788642291, 0.5070589539212903]	0.790331618091
5	[0.8446858734004102, 0.7199207927981333, 0.5963880058247613]	0.826125691593
5	[0.8863892829439713, 0.699583861398696, 0.21790688350634016]	0.893977913055
5	[0.7291346421452104, 0.22195279791663325, 0.1285578546678694]	0.80988176491
5	[0.7049135967568311, 0.21810711327019824, 0.34512314286176704]	0.87271461763
5	[0.974040759108888, 0.5932989772524181, 0.19427197768263904]	0.892310747107
5	[0.987954273094221, 0.4021426207677817, 0.7595033196587179]	0.833466595493
5	[0.7727340867551671, 0.6228233114421253, 0.45683106520340655]	0.881026570037
5	[0.5661441927419465, 0.7969609294551944, 0.05405917317913402]	0.878291969964
5	[0.9309875331065196, 0.31622111446100876, 0.6027798103182589]	0.933337180705
5	[0.9129527643474706, 0.585870767429695, 0.07290763091061075]	0.874694699711
5	[0.9280824070261154, 0.8361112966315203, 0.4263088870282844]	0.819832469771
5	[0.5542464001462128, 0.6545461295868461, 0.06377628038549245]	0.838025336609
5	[0.9482540678781619, 0.46144378019691806, 0.22517156363924565]	0.929453758653
5	[0.7530490937122623, 0.8213223658383307, 0.07612524581260659]	0.831466172646
5	[0.9312901957336842, 0.42525137838412375, 0.20565302961079826]	0.916538070754
5	[0.6126736345914534, 0.640229932956509, 0.2812818684212621]	0.886279388929
5	[0.9583387365625933, 0.560286722199606, 0.6244664751104959]	0.835636022042
5	[0.6615879128404154, 0.4796124363019097, 0.40280281035888904]	0.896132512928
5	[0.870069011461526, 0.3189339606535416, 0.3941902629017898]	0.951729096929
5	[0.8796431082687937, 0.5388169887826434, 0.07845248481515203]	0.903330795921
5	[0.9946285839238769, 0.45225598322188687, 0.1048826053792823]	0.870836668226
5	[0.531923223823284, 0.6987607898757652, 0.6680819413278294]	0.816251874908
5	[0.9172631226216319, 0.19982336362508007, 0.1421044159568828]	0.824888218987
5	[0.9777924141367792, 0.35469236865978876, 0.17118677055985237]	0.866028908361
5	[0.9211500193796222, 0.4570860632887077, 0.21042033453792158]	0.932118792816
5	[0.9984600832716568, 0.7009667956321685, 0.24612888224818358]	0.865567334448
5	[0.4335833575990952, 0.38947991070752674, 0.34516502025715695]	0.809299416016
5	[0.9553516968512293, 0.2704818443429822, 0.6543337229437701]	0.903598808183
5	[0.9905072794649361, 0.7219502319273136, 0.24139598377646765]	0.859646157461
5	[0.998536152828211, 0.28814601371838594, 0.08183282657587301]	0.807147562489
5	[0.6466796090872414, 0.336285446716032, 0.20972471227548492]	0.847563256026
5	[0.42169551740630923, 0.4740370102507684, 0.23206104429895244]	0.825931190652
5	[0.9994770868644534, 0.5659542742353448, 0.14233882679383486]	0.875635821898
5	[0.7199664793419338, 0.6821834050950916, 0.29826460999012927]	0.895349228079
5	[0.9130854923724305, 0.7534781922671866, 0.023698583589342244]	0.80237829965
5	[0.9353731132055382, 0.5810124972507602, 0.36668176743118036]	0.922310874038
5	[0.7321806680287627, 0.7977972761677083, 0.2980986050331204]	0.904571737724
5	[0.7737120530657546, 0.7753501611505887, 0.24963334220574906]	0.86709048343
5	[0.7505508167481892, 0.37186707386949586, 0.26137923031632715]	0.911265706978
5	[0.9990380013465221, 0.20029954631835428, 0.2034590431087304]	0.818240196027
5	[0.9666071615091089, 0.292360372288986, 0.672800507450937]	0.900984234443
5	[0.6572843867673722, 0.3023397415258522, 0.6349456640345977]	0.889999660402
5	[0.7638799747096364, 0.3447346065608295, 0.6612950097607259]	0.902616786129
5	[0.8437969994330362, 0.14518931137598923, 0.3452831889749866]	0.894756499928
5	[0.9604450677543125, 0.43307369529499196, 0.3305436879747167]	0.930694979855
5	[0.786032483733268, 0.6229712347383091, 0.6172648150274151]	0.831932144656
5	[0.9476264084187128, 0.26308516740265514, 0.04992799734034896]	0.805128918775
5	[0.9260306918737928, 0.6082859166879976, 0.482500862603705]	0.877727509612
5	[0.959409683970731, 0.6380272210380967, 0.5015463290608243]	0.850338921977
5	[0.9907611165637475, 0.3250920081808117, 0.15987702835347167]	0.848069306657
5	[0.9256296817596114, 0.2910639301133375, 0.33177700662854265]	0.915737084994
5	[0.9446553475653886, 0.27867884490357714, 0.5199377319829817]	0.954695255118
5	[0.822748114614728, 0.4028214711223095, 0.37716931669362613]	0.932800089681
5	[0.9990883937603054, 0.5912003845668389, 0.21400665590815052]	0.891239292527
5	[0.8701926076104095, 0.3204833170845138, 0.3772596889125998]	0.945527921406
5	[0.825126521364093, 0.449169208831634, 0.22544473312840108]	0.949913487775
5	[0.9947164623719352, 0.3119014367840646, 0.4012304433876191]	0.914870848077
5	[0.8597425533398516, 0.47929583090836503, 0.32564350358134403]	0.981303257996
5	[0.5648780180249288, 0.3215207997941809, 0.12005739066862951]	0.785485402829
5	[0.8674083038948943, 0.06633903538159902, 0.8363639204303154]	0.804188937019
5	[0.7337446746889451, 0.5098587755768121, 0.08446901081921272]	0.88611830331
5	[0.9081901276642633, 0.7964513544605576, 0.1277469199732613]	0.824368479283
5	[0.9609680429690121, 0.23680331337605112, 0.21684025497502893]	0.847558508461
5	[0.9494952011599617, 0.44698117773531515, 0.3448138769930191]	0.934224033194
5	[0.8433858366719654, 0.3575236437757674, 0.30629997266349734]	0.948203169261
5	[0.9151981056166201, 0.16112888329303396, 0.5705969727450485]	0.908444601644
5	[0.7323619193899041, 0.18471142216283545, 0.35061075389864943]	0.87256136515
5	[0.9993578371066862, 0.7103780507669921, 0.3876575540172206]	0.850868852703
5	[0.97379752703475, 0.7305843642669403, 0.13074680502491393]	0.825454971241
5	[0.9546325282813657, 0.7582087696726926, 0.6884803058440085]	0.749559465401
5	[0.9061904992095104, 0.47392215133149956, 0.20649115364747614]	0.941407601923
5	[0.969144124715456, 0.4541762562377208, 0.2739550128104408]	0.936329048111
10	[0.9818903428766818, 0.5889226786884271, 0.2809682805735388]	0.920051753003
10	[0.902858456751779, 0.559896148424762, 0.3608924448447193]	0.942117649993
10	[0.8907111608327368, 0.4540050389784455, 0.18731708298181085]	0.933536987042
10	[0.8477191372075975, 0.7507087317608634, 0.2885993974951774]	0.911869934314
10	[0.8521735944513879, 0.36014345713668294, 0.5609974225654227]	0.958895175282
10	[0.951748269480901, 0.7365298027257684, 0.46632504756199294]	0.831798960077
10	[0.9780495327381565, 0.34809759317385, 0.2102604209441366]	0.876769493793
10	[0.8824787655574362, 0.5451106389148079, 0.36194857602302394]	0.953487339835
10	[0.9412737588668905, 0.3525302249997297, 0.3886073055507873]	0.914934440561
10	[0.8604708158231287, 0.6463330757300766, 0.2065027675717805]	0.916566292006
10	[0.886121683993235, 0.41974494472721535, 0.3974597929025725]	0.928721155944
10	[0.7033793020205659, 0.5872321541308578, 0.22860414792783537]	0.898250431939
10	[0.9582642749472791, 0.6451296897129042, 0.3125953713749894]	0.911336887988
10	[0.9317122427208591, 0.3646009663695187, 0.45784139688398146]	0.937176062598
10	[0.8501500569952826, 0.47232952995578653, 0.25040740251068533]	0.974195625157
10	[0.8489727893014486, 0.5803245513549801, 0.3404274374442858]	0.959406933501
10	[0.8045347715988893, 0.3523139126676597, 0.5039007433547459]	0.966106705192
10	[0.9185963385236969, 0.6383090662644768, 0.5380176993867614]	0.851692298608
10	[0.8165174462923552, 0.460867764680927, 0.13268788912435323]	0.920024366699
10	[0.9042819218699727, 0.6791630130393828, 0.5519953111365657]	0.838186584651
10	[0.9415925688370494, 0.34726839781885804, 0.2690877241259121]	0.908254517703
10	[0.9847685660879436, 0.41327290757690865, 0.4449146442384656]	0.898957723525
10	[0.8161283233207175, 0.5150701601062143, 0.3526449359470754]	0.966137742422
10	[0.9019099335013449, 0.3702913490022144, 0.2730694680643105]	0.930483627855
10	[0.9076523052451927, 0.502285449310378, 0.14859305732363462]	0.929551767589
10	[0.9397308169331631, 0.6777113428991178, 0.4297252572033465]	0.867610860988
10	[0.9548917338336647, 0.6014848415780664, 0.3663466298108138]	0.909092264926
10	[0.7343969256439763, 0.28889892067924333, 0.5572704349447272]	0.938675137126
10	[0.8530528575220796, 0.5678667674242811, 0.16289872221481477]	0.930659699089
10	[0.940918147046025, 0.5507910205046812, 0.2425995056541396]	0.933630112701
10	[0.971945789184978, 0.278789355415389, 0.4206863562292785]	0.925843307487
10	[0.9557419587787953, 0.4409582061132342, 0.24164192732703577]	0.925619391554
10	[0.6713384999041987, 0.6619691036672091, 0.259355663771206]	0.872908353336
10	[0.7186770825012394, 0.3493822112519085, 0.2569205247688353]	0.891659939507
10	[0.9965267452143529, 0.4862531479036823, 0.377841909879914]	0.92062816427
10	[0.7924690723657692, 0.6457655650174476, 0.6044016049924215]	0.830767300785
10	[0.9343840063050286, 0.4150570818269787, 0.4265364167065744]	0.909031776192
10	[0.8941859920414138, 0.5594807454932287, 0.2919721834280019]	0.962768481964
10	[0.8325381576082009, 0.5948478006056044, 0.20583299993885032]	0.931174452314
10	[0.9634235697619961, 0.4083201110523482, 0.3978435777836211]	0.899017654502
10	[0.8815404217706019, 0.300244238919697, 0.3168375091394127]	0.928350949483
10	[0.9311400096728957, 0.535166743847556, 0.14744575105566418]	0.910379665845
10	[0.9367471804338453, 0.7837526995227001, 0.3634708973099097]	0.855343074245
10	[0.6568499761022957, 0.3517980467826661, 0.5234125289060766]	0.910546466805
10	[0.8543607596579172, 0.5104404177903556, 0.3536295393226693]	0.977189761076
10	[0.9926464983726492, 0.3166655035703365, 0.3289578298510224]	0.889881942636
10	[0.9343510407084347, 0.571522060427357, 0.42840448577329876]	0.905240804364
10	[0.9725740952811845, 0.7892247503446638, 0.29114174045284674]	0.859780964942
10	[0.9872168997423525, 0.5263206927011181, 0.3297177483705502]	0.935581553062
10	[0.964643418424184, 0.32997334626976726, 0.23488336269760307]	0.883404430181
10	[0.8530699511199564, 0.3929030037586076, 0.29733814752070015]	0.962390400053
10	[0.9614283225359618, 0.8850447184369035, 0.33531441632148773]	0.822737514235
10	[0.8940274016136887, 0.6773883307535096, 0.22999940810862074]	0.902861225247
10	[0.8663488040195655, 0.6946805419963489, 0.06412069871266293]	0.851030450899
10	[0.9001809249704421, 0.7333449494042281, 0.38338883239393867]	0.877695097744
10	[0.9688617020674987, 0.2280492875722333, 0.3684379988893886]	0.892541861465
10	[0.7629226673715104, 0.34572588052844117, 0.47008478172846246]	0.945760522857
10	[0.8037213049990938, 0.6331060427807252, 0.17596692704621741]	0.898860729755
10	[0.7307404934441801, 0.7593253451228634, 0.07165659846110473]	0.816747150047
10	[0.8212909760717172, 0.5717068148103184, 0.26606749495732757]	0.95521721874
10	[0.9053468088296487, 0.47231146453293554, 0.2653043938361155]	0.960756349846
10	[0.9516810108068615, 0.6211545162437497, 0.25450128991463367]	0.910555254288
10	[0.9868461569339385, 0.2126135637817818, 0.21600808013772216]	0.830591828995
10	[0.693903678445046, 0.6795697413779453, 0.1556479188482466]	0.839993951972
10	[0.7364225363401781, 0.6773606090564602, 0.3280513858847623]	0.893670180466
10	[0.9312275289553154, 0.4688354375228673, 0.5953964022319125]	0.884846877097
10	[0.8883611304264694, 0.4786304067007449, 0.2947776856048447]	0.978348987293
10	[0.8800549012604493, 0.33543320671398524, 0.153457550220915]	0.886278618558
10	[0.7508564915473699, 0.21149413123541122, 0.32464751158116156]	0.878999378121
10	[0.7939751408387368, 0.3764903658975325, 0.175265032247071]	0.898576846328
10	[0.6409964542526143, 0.5614186465627777, 0.6757405494129577]	0.807775149533
10	[0.9494845010347432, 0.410628222200631, 0.45557776493776675]	0.915155013901
10	[0.9187464256748163, 0.7530494414548318, 0.1334936898482395]	0.837232607573
10	[0.9958052056683522, 0.274231509714009, 0.3860407387487965]	0.904822347598
10	[0.46633115401555825, 0.5456528343715576, 0.38531412733992043]	0.858889953682
10	[0.9410358629563779, 0.5723664719127551, 0.2618922273836492]	0.932829964172
10	[0.9550848520041373, 0.5961433990928854, 0.2848935141512697]	0.927888421018
10	[0.8757723325021388, 0.7345678488591287, 0.3341655219411371]	0.901831432233
10	[0.6750888487341131, 0.49412188262609036, 0.4886703270038151]	0.876846801452
10	[0.9245982766206537, 0.2664717465793189, 0.11588739713978229]	0.835920289033
10	[0.9400642151617291, 0.5034800540555762, 0.2663501580755491]	0.957601962953
10	[0.6396993600295459, 0.4350696745031061, 0.11954064772922687]	0.848103227421
10	[0.9173717981118179, 0.5168244928929935, 0.5289529168535325]	0.895616930714
10	[0.973989538682253, 0.47661706271559884, 0.4139184334051922]	0.912903030209
10	[0.8541626560348055, 0.3035611509636987, 0.5167885348456209]	0.991829219385
10	[0.8349889824547622, 0.5126247885957882, 0.21520905831856912]	0.962524417393
10	[0.9285431048287985, 0.5257857141541762, 0.22179384264167656]	0.939155007886
10	[0.9752556425875425, 0.3257854000123026, 0.28424977161657783]	0.89492650968
10	[0.9842213228106476, 0.24670424360563048, 0.3001095722809235]	0.870864164359
10	[0.8115368454688603, 0.6754763582307965, 0.23462008234788392]	0.906893523195
10	[0.8777233789129724, 0.43651636254705395, 0.16168862273868903]	0.923493868791
10	[0.9878653858165387, 0.23271267216035757, 0.25390935595406416]	0.849585547433
10	[0.9826333269742699, 0.3428653253448213, 0.18268820701138758]	0.864306735127
10	[0.8299352174790166, 0.371643527814401, 0.2013177800538617]	0.917632175116
10	[0.9846757005448695, 0.6109940731693818, 0.5112558528899142]	0.847691457799
10	[0.9458125323895273, 0.776715446029345, 0.16679465638855764]	0.83142222599
10	[0.825174134556019, 0.4192713176116889, 0.2697222699429443]	0.954722574037
10	[0.8795431180794571, 0.7501953575284231, 0.3111343918265751]	0.903042377522
10	[0.778268189858697, 0.4474778997904075, 0.23302618797713365]	0.936257425875
10	[0.8586945144552297, 0.4517725070699622, 0.23499440099398353]	0.959357464536
100	[0.8488233711472597, 0.4756795268464463, 0.2939488333373223]	0.989483910444
100	[0.8426492450071186, 0.607347215636724, 0.322741164151975]	0.954186955073
100	[0.8401769702491455, 0.5123539734360957, 0.21888941116955377]	0.965570802661
100	[0.845005839101973, 0.48668872925530826, 0.2702994418343724]	0.983998003397
100	[0.8711245854517109, 0.3638022925289976, 0.3341441003182353]	0.93617786892
100	[0.8583982184487748, 0.502982840878443, 0.24610634830276362]	0.978241762992
100	[0.8435368514549331, 0.5059240836334457, 0.33826724083782395]	0.983115175661
100	[0.8679576040738821, 0.4855595245553683, 0.23169254456025629]	0.966431488347
100	[0.8605162023321924, 0.5382699526567266, 0.28430886136301126]	0.978507568791
100	[0.8622123836348645, 0.48019328407010176, 0.24521663726831436]	0.971065845901
100	[0.811044535546503, 0.41998546550565535, 0.2537491620244499]	0.944926387692
100	[0.8355794170364809, 0.5519277365401773, 0.2980189684861405]	0.977223549661
100	[0.8568347686640215, 0.5294375188751915, 0.29573029832703046]	0.986486003596
100	[0.8538405722128176, 0.46974091603517115, 0.24004835113831344]	0.968649564987
100	[0.8096017351073698, 0.5320426966602931, 0.2563068169732326]	0.961288618473
100	[0.8397554382249002, 0.5222333754498724, 0.32533540325262583]	0.980728886507
100	[0.8045347938434811, 0.5220201011794899, 0.36100643148336853]	0.957169420394
100	[0.7800742118698087, 0.4703576954515334, 0.29060097780984545]	0.963677628377
100	[0.8715974789616555, 0.4777165004707778, 0.3460367994556747]	0.970027407351
100	[0.8594085799130378, 0.5445405337079668, 0.23501308687025155]	0.96035465775
100	[0.9116333405813403, 0.420959539731682, 0.27400055722257066]	0.944442252124
100	[0.8435199357054546, 0.5125258882156959, 0.3000683699509292]	0.993641892513
100	[0.8113037124120054, 0.4609537859006987, 0.3535813648259634]	0.956225377829
100	[0.8063224794305494, 0.5291894653465989, 0.26726518124332066]	0.964799398442
100	[0.8724965953620853, 0.5559936443644947, 0.2549620056016601]	0.958823921958
100	[0.8268815888119436, 0.5179216461038071, 0.3250405707358565]	0.977973123991
100	[0.8443448196177417, 0.46586353047196705, 0.26805438397798537]	0.976087578023
100	[0.833559723768472, 0.5388996163005361, 0.4223606517092463]	0.940766485253
100	[0.8345677876200929, 0.5722735409147708, 0.30839829744938235]	0.967965316419
100	[0.9137032589930641, 0.5704026342426757, 0.2951013984139197]	0.953665168393
100	[0.8371924404310276, 0.4657155756875713, 0.3132107640326093]	0.979899084029
100	[0.8412229272998014, 0.44175956982481557, 0.30815428939282324]	0.974942735911
100	[0.7921342852032286, 0.4767061712265336, 0.29291168866446077]	0.970584048365
100	[0.8773725578941286, 0.48700124521823535, 0.25234831436668703]	0.970659000564
100	[0.8496157050376933, 0.4469725746533233, 0.38303071648642995]	0.954519187735
100	[0.821037632112526, 0.5035012025412283, 0.3170926832216292]	0.983481248783
100	[0.8150034125491767, 0.4931249954050027, 0.2991534990677553]	0.985760635674
100	[0.8223432986552783, 0.5641559992499696, 0.33685227200971446]	0.957111675799
100	[0.8196298149960703, 0.418208951073081, 0.19482116792885662]	0.927553311333
100	[0.8461882565462613, 0.5709869168193561, 0.32827026791554276]	0.965643690604
100	[0.8694188847940651, 0.5196227760914675, 0.26647149255885055]	0.975809943891
100	[0.8544142794542825, 0.4580610408113304, 0.3480084762061598]	0.96854609505
100	[0.879225492475248, 0.5405612925992347, 0.26283002322503046]	0.96434774605
100	[0.876816664215245, 0.5392100907097828, 0.3353252146887146]	0.966216010129
100	[0.8508245437500183, 0.4822929698339923, 0.25397213379918365]	0.978480186628
100	[0.9020728248934059, 0.41677735634449187, 0.3076020923433517]	0.952367479703
100	[0.8265746123479089, 0.459289824321881, 0.3173618210039133]	0.972834205222
100	[0.8711888413641403, 0.3743642830436908, 0.4082196473686139]	0.937555507654
100	[0.8758409452797913, 0.49548159679754256, 0.36224464633852804]	0.969132001726
100	[0.8632557119454256, 0.5382229742898732, 0.26892862961705666]	0.972483314461
100	[0.8290796288515788, 0.5482977792468048, 0.3242733898500711]	0.968836153252
100	[0.8710858855398748, 0.523564879276944, 0.2139088184087356]	0.956419351197
100	[0.8650448035885083, 0.4428656946497328, 0.2876092640567438]	0.971810051706
100	[0.8902771903108928, 0.4620782856477628, 0.34394046996713984]	0.959286875123
100	[0.8847981428089031, 0.4897190335603871, 0.27493996593222847]	0.976620285561
100	[0.8062215615708794, 0.5550282882965613, 0.300961740321643]	0.966743844318
100	[0.8417474875009004, 0.44205736455306766, 0.2911886349192599]	0.974997828991
100	[0.8484918770371555, 0.5018631454269918, 0.27321157260026147]	0.98994676807
100	[0.870406276797703, 0.47356689326699636, 0.24821418696507344]	0.967124934478
100	[0.8766232205632769, 0.48148868449414073, 0.3103219695596135]	0.981514498124
100	[0.8628489329412028, 0.4402089923894237, 0.3634207093005507]	0.954646450049
100	[0.9002191903885977, 0.4783806745983406, 0.29041838299614187]	0.972859955735
100	[0.857687101608302, 0.4636387310158425, 0.30874488260836797]	0.982402248933
100	[0.8421598591091207, 0.46260397887836485, 0.4604780049638681]	0.931428611008
100	[0.830033564211945, 0.48066799392671494, 0.33353389960168234]	0.975722552846
100	[0.9017313094782995, 0.4680785264273415, 0.25922342920628283]	0.958523548718
100	[0.8004677933552095, 0.5296953897828838, 0.27535299137146735]	0.965375131648
100	[0.8285028728643996, 0.43037159115020407, 0.276880569159659]	0.961918344391
100	[0.8362960654186526, 0.5293633082405572, 0.3252343285691388]	0.977232809536
100	[0.8786115507688107, 0.518678721312125, 0.35168932284709725]	0.967006801691
100	[0.8986537702022115, 0.5301294677605962, 0.291664997945781]	0.970960586661
100	[0.7815578677948246, 0.5454833329898255, 0.28304033927909705]	0.956371624695
100	[0.856261411188863, 0.48409034033220505, 0.22846222744084993]	0.968763718861
100	[0.8732694147377061, 0.4918883871228957, 0.24449416008399288]	0.971037710823
100	[0.8479135893400003, 0.49985914234950773, 0.3637961796903664]	0.977992184
100	[0.8395423571942012, 0.5138010292293399, 0.3231591542434132]	0.984194057907
100	[0.9123234554882583, 0.579612832836593, 0.32581229993732386]	0.944083803913
100	[0.814303061487759, 0.5358199235690351, 0.27632337547699587]	0.968268837799
100	[0.8297104033973683, 0.5678405038807285, 0.3701902632632523]	0.947226545418
100	[0.8341624546381166, 0.48653164006156496, 0.23152786742983825]	0.96740732071
100	[0.8881793057082402, 0.48234797217914227, 0.2652330662723101]	0.969800577581
100	[0.8425334316134206, 0.6109882196960283, 0.344120236265598]	0.945808325217
100	[0.8162498077037552, 0.5436535455248536, 0.35991907826669683]	0.954225727971
100	[0.8252497595808931, 0.4138134234275928, 0.29070500912347685]	0.959922730711
100	[0.8865216509245839, 0.5081886397748538, 0.3048737595336088]	0.983471983256
100	[0.8745549162662407, 0.5335099600879036, 0.33522509012189877]	0.968903344508
100	[0.8319120704049234, 0.5112280600405695, 0.29300457325454254]	0.98789619454
100	[0.8695724384747548, 0.5661938842371013, 0.30596223947931783]	0.969423812603
100	[0.8845959314414314, 0.5798954848044017, 0.255248805686437]	0.946919129814
100	[0.8613196794614268, 0.5171507796726371, 0.24166624094578631]	0.971065260604
100	[0.8322942108247682, 0.5206123148155227, 0.35561122369607445]	0.968690224104
100	[0.8743148783587362, 0.4430001631799675, 0.3215448401101099]	0.96571348157
100	[0.8625413391028681, 0.5190419380549036, 0.23172562447679415]	0.966714115773
100	[0.8517597948753818, 0.407144973721999, 0.2656379461165948]	0.957007708321
100	[0.8042326521129008, 0.43206641711922117, 0.3733284343315387]	0.9376568783
100	[0.8894587045031473, 0.5673458780840762, 0.2794627635995069]	0.957552727004
100	[0.8711346133894666, 0.5593857077692488, 0.3682817126103832]	0.950399322077
100	[0.7945260230059175, 0.45566038670913966, 0.269020617978776]	0.956402342565
100	[0.8213397488012952, 0.4904062781515866, 0.3398690481554847]	0.973958992932
100	[0.8797676060623858, 0.4312491104172944, 0.30915015696258347]	0.964110449131
1000	[0.8615257760352717, 0.49141567607481, 0.2950770143870376]	0.991655638142
1000	[0.8435608350852922, 0.5144406681042641, 0.27902499290425115]	0.986048386628
1000	[0.8266050805780585, 0.47645451451760007, 0.31435011965741316]	0.979569825146
1000	[0.8383886089390775, 0.5144814528588783, 0.29218922617704857]	0.988698794086
1000	[0.8616046371774781, 0.5249157832295084, 0.312292539506181]	0.983729013362
1000	[0.8683000765520578, 0.4763932190340718, 0.3078920734790289]	0.983400356334
1000	[0.8493192650713606, 0.4924738231178772, 0.29505944652425015]	0.995617511571
1000	[0.8514761805266289, 0.4919786608042391, 0.28957910982271734]	0.993360530033
1000	[0.8591000458935332, 0.5024170318750637, 0.2655136059258079]	0.984665509386
1000	[0.8475157933191658, 0.4850749085494661, 0.2893874212175596]	0.990659374362
1000	[0.85395662960751, 0.5093610468551057, 0.2832527087832793]	0.989978344107
1000	[0.8361335843344331, 0.47757266266245435, 0.29623926403012024]	0.986648503676
1000	[0.864519195522237, 0.4740830075919724, 0.30484161250268177]	0.984907399856
1000	[0.8496637920712173, 0.47086597153412046, 0.30937275573580303]	0.987052335957
1000	[0.8347237711480022, 0.49864822802128855, 0.29426934589052917]	0.99254711502
1000	[0.8681383502993414, 0.5281003264937053, 0.29746250048457346]	0.983741274564
1000	[0.8485890816279069, 0.46394861257394837, 0.2980682776801041]	0.986868657294
1000	[0.8475520614848858, 0.510479890934167, 0.3001186620600811]	0.995651169497
1000	[0.8431625280798887, 0.49345212279867345, 0.29130354280277937]	0.992639397894
1000	[0.8434232211600646, 0.4936342041816251, 0.28209778085031356]	0.989718402064
1000	[0.8613183451483574, 0.5021817729241733, 0.3033586116703079]	0.994380423419
1000	[0.8545601118079259, 0.5079443622474736, 0.27373261858346964]	0.987076048176
1000	[0.8161903828541203, 0.5132270703374062, 0.2827252761595541]	0.978562862892
1000	[0.8510115551073905, 0.48218839944110414, 0.3150326946299794]	0.988714716568
1000	[0.8611152127312913, 0.47091978309657456, 0.3110449844927764]	0.982919861958
1000	[0.8548805546723396, 0.49935423452885563, 0.2812902200909048]	0.991921299982
1000	[0.8566647827524955, 0.5185856141815823, 0.31659421531334864]	0.986051795918
1000	[0.8467567698268011, 0.49608893179724634, 0.26685097200401675]	0.986565557876
1000	[0.8392383058800146, 0.5255614069167983, 0.2898520263269812]	0.984509641763
1000	[0.8653085631455978, 0.5057616083948662, 0.3370228891270357]	0.980635646444
1000	[0.8779840839793798, 0.5025984985130556, 0.2842405386572623]	0.984552652055
1000	[0.8411554653933367, 0.5183276511238486, 0.2964262385870102]	0.989751350952
1000	[0.8615224505777647, 0.4899804961427657, 0.3072592196382867]	0.990399608642
1000	[0.8547981922794124, 0.5046969706556407, 0.29888129563327515]	0.996462044233
1000	[0.8457577514685659, 0.5094175179347002, 0.3142594498714985]	0.990693594554
1000	[0.8289191467614774, 0.49751056154149603, 0.2970789231388865]	0.991169543814
1000	[0.8531087135979113, 0.519092260417693, 0.3359340259753684]	0.98062166667
1000	[0.8418130952071312, 0.4981746884041347, 0.3175418109420675]	0.990815324223
1000	[0.8476110332346941, 0.4889485288233254, 0.301079536301851]	0.995160008585
1000	[0.8402997267745155, 0.5267029013038472, 0.28481348340935]	0.982803436293
1000	[0.8602874356939971, 0.49273566143984304, 0.30348881297075897]	0.992986470925
1000	[0.8451792518369008, 0.5166977914112939, 0.28979202556408806]	0.98942449533
1000	[0.8416001585744545, 0.5194490656379231, 0.32159264612003136]	0.983519482272
1000	[0.8656755292758165, 0.5034983835978829, 0.30044792887424726]	0.993459386084
1000	[0.851673196198289, 0.510814860935105, 0.31274914520106006]	0.991587599222
1000	[0.8498750133830508, 0.4953257578813273, 0.2719690074085947]	0.989056592891
1000	[0.8459250436471183, 0.5206699495667005, 0.3154057752381086]	0.986616439614
1000	[0.8518037975006347, 0.5101484626395019, 0.28362420249258524]	0.990557314117
1000	[0.8737271774063893, 0.5406509068829409, 0.29003420090890797]	0.97521870554
1000	[0.8317935622555634, 0.5017153941384838, 0.3214794732890286]	0.986199564943
1000	[0.863733960736987, 0.5202858643825625, 0.30664783281492214]	0.986444114022
1000	[0.8344027397777362, 0.5170134510057701, 0.3169956682154425]	0.983464540186
1000	[0.8471175345586862, 0.5024239533634074, 0.28281478818831945]	0.992502789795
1000	[0.8485958419887758, 0.49649766979884197, 0.2993437735283617]	0.998145761772
1000	[0.8608853917993061, 0.48738817819475955, 0.3004982307864766]	0.992001518536
1000	[0.846218563192639, 0.5023049137108323, 0.29749344247038123]	0.997135697317
1000	[0.8314196448121939, 0.514243126176387, 0.2890304864101958]	0.985402335015
1000	[0.8526297847326588, 0.5197962376477285, 0.29769841888699394]	0.991757465502
1000	[0.8171287898200685, 0.5160574315350008, 0.32386521382912054]	0.975735381485
1000	[0.8400250256370879, 0.5041508268204683, 0.3181023796631532]	0.989257273051
1000	[0.8321005598233758, 0.49836927733832925, 0.30104553115966803]	0.993141435334
1000	[0.841123498246553, 0.5101344944680691, 0.3133555671332469]	0.989211145548
1000	[0.8526638021882805, 0.4959556908781598, 0.32385258922784693]	0.989813099821
1000	[0.8601810995115801, 0.47550325743129024, 0.2980453664053721]	0.987789174775
1000	[0.8476950305636923, 0.48122207093380875, 0.3055018573432508]	0.991138414718
1000	[0.834814802397192, 0.5008235722812515, 0.302986898809321]	0.993668110436
1000	[0.8569807238293922, 0.4848948204997448, 0.3152290890674472]	0.987561669201
1000	[0.8264732256528642, 0.500666584075131, 0.3112724143528742]	0.988178075742
1000	[0.840047221714541, 0.5039817990500127, 0.30279341165373963]	0.99442400367
1000	[0.8575949674174106, 0.4873804948448392, 0.28348534457883084]	0.987756957335
1000	[0.8474809666132003, 0.5095592925231706, 0.2792060086024652]	0.989042560897
1000	[0.8486973431257288, 0.5020029000918524, 0.30707821661152707]	0.996538742141
1000	[0.8558041609358211, 0.5025363691822488, 0.2928883515765833]	0.99484927382
1000	[0.857297302755577, 0.5083696708837434, 0.29791765395536074]	0.994083560105
1000	[0.8382087296429303, 0.49073104194876294, 0.2904515108699579]	0.989797094154
1000	[0.8463368353253341, 0.5166825854921709, 0.3034733792581938]	0.992060290192
1000	[0.8481541294329968, 0.5174741799109102, 0.33811841811973475]	0.980853843801
1000	[0.8724928785821843, 0.5111107205742531, 0.301693607052298]	0.988234264597
1000	[0.8403349722691754, 0.4876283389307044, 0.30229651231936683]	0.99188893296
1000	[0.8546194880208541, 0.49709235730962703, 0.3223519410373407]	0.990040309417
1000	[0.8545336339406001, 0.5200228681664517, 0.294581012085357]	0.990008169993
1000	[0.8430709375522449, 0.490975089493312, 0.2955592210849061]	0.993201749377
1000	[0.836099587878016, 0.4578795035827171, 0.2979587465373741]	0.980645945999
1000	[0.8562027452046469, 0.5078359374290176, 0.28446688245745166]	0.990142733275
1000	[0.8280642361815601, 0.5083067288580386, 0.31265139140464865]	0.98570203864
1000	[0.8395366454784357, 0.4957988091492238, 0.29481128259962597]	0.993382245742
1000	[0.8477880919080407, 0.48803740415117286, 0.30233439242913274]	0.994497034543
1000	[0.8657423350105743, 0.5062080674975259, 0.2875909749843]	0.988546857492
1000	[0.8494457051393941, 0.48090606734536806, 0.29416985026468007]	0.991507207583
1000	[0.817203255097725, 0.5037448086363121, 0.2993856612296499]	0.987614702564
1000	[0.8510035066641729, 0.4995901090413467, 0.3031046107261025]	0.998493997217
1000	[0.8786185958909527, 0.516837332597854, 0.29783731749167747]	0.984127129668
1000	[0.8516989446806862, 0.48522697045637403, 0.320900419333922]	0.987542535481
1000	[0.8548337596167627, 0.5090337902877853, 0.30962931994191684]	0.992167710051
1000	[0.8718393987560082, 0.48374984359872114, 0.30345935544908714]	0.986150363131
1000	[0.8462657378363828, 0.5107023129054125, 0.2931371662655374]	0.992900197066
1000	[0.8211714129413968, 0.49549490633050935, 0.2989800948496162]	0.988548804707
1000	[0.8695998555248422, 0.4997507274805336, 0.30732661204887335]	0.990941419969
1000	[0.8358335724667151, 0.4962358124137633, 0.29744769985830566]	0.99317236158
1000	[0.863829885576748, 0.500004231679674, 0.2928768586895829]	0.993014247144